"conversation_id_str","created_at","favorite_count","full_text","id_str","image_url","in_reply_to_screen_name","lang","location","quote_count","reply_count","retweet_count","tweet_url","user_id_str","username"
"1859289924408836191","Wed Nov 20 17:37:16 +0000 2024","0","min akun KAIaccess sy menggunakan nik ibu kalau saya mau membatalkan perjalanan saya ga bisa ya? ga bisa batalkan melalui aplikasi kalau atas namanya bukan pemilik akun? apakah ada solusi lain? @KAI121","1859289924408836191","","","in","","0","4","0","https://x.com/undefined/status/1859289924408836191","1466026498817679368",
"1858501062686359759","Mon Nov 18 13:22:37 +0000 2024","1","Udah lama ga compare harga tiket kereta jarak jauh lintas platform krn udh pelanggan setia via kaiaccess. Dengan harga normal si tiket paling mahal ye krn ada biaya jasa segala selain 7.5k klo apps laen cuma plus 7 5k kalo kai access ya g ada 7.5k nya hehe.","1858501062686359759","","","in","","0","0","0","https://x.com/undefined/status/1858501062686359759","101914451",
"1856726118071685295","Wed Nov 13 15:49:37 +0000 2024","0","gak ada diskon tiket kereta kah ini sering beli tp gapernah dpt voucher atau apa kek lewat kaiaccess","1856726118071685295","","","in","","0","0","0","https://x.com/undefined/status/1856726118071685295","97427261",
"1854859068718170389","Fri Nov 08 12:10:38 +0000 2024","0","@KAI121 min tlg tanya tiap saya mau belk tiket di kaiaccess kok selalu dibilang belum upgrade ke member basic dan berulang kali sudah upgrade tp kok gitu terus ini salahnya di mana ya?","1854859068718170389","","KAI121","in","","1","5","0","https://x.com/undefined/status/1854859068718170389","785128426948534272",
"1854049783566184935","Wed Nov 06 06:34:49 +0000 2024","0","@KAI121 ada issue apa ya?? Daritadi sy pesan kereta di tiketdotcom dan kaiaccess muter2 terus.","1854049783566184935","","KAI121","in","","2","0","0","https://x.com/undefined/status/1854049783566184935","2485381298",
"1853972794348068904","Wed Nov 06 01:37:45 +0000 2024","0","@loveiszue @KAI121 Pake aplikasi kaiaccess aja yaan gaperlu pake ktp juga cuma scan qr","1853975022450459117","","loveiszue","in","","0","1","0","https://x.com/undefined/status/1853975022450459117","1692140561170636801",
"1853360824523559008","Mon Nov 04 10:39:57 +0000 2024","0","@tegalfess Download kaiaccess aja. Nanti masukin kode booking. H-2 jam klik cetak e-boarding . Pas depan petugas tunjukin qrcodenya aja. Gaperlu cetak manual biar dapet tiket kertas. Lebih simple","1853386697117176096","","tegalfess","in","","0","0","0","https://x.com/undefined/status/1853386697117176096","619021304",
"1853273841180782946","Mon Nov 04 03:11:30 +0000 2024","0","ekinet sama smartEx buatku yang buta kanji aja bisa kilat beli di KAIAccess susah banget pembayaran gabisa bisa aplikasi lemot sangat memancing emosi ","1853273841180782946","","","in","","0","1","0","https://x.com/undefined/status/1853273841180782946","198000772",
"1852354569248092252","Fri Nov 01 14:18:39 +0000 2024","1","Beli tiket @KAI121 pakai aplikasi kaiaccess itu proses refundnya ternyata ribet sedunia kalau beli tiketnya atas nama orang lain... Terus... Jangan pernah beli tiket @KeretaCepatID via KAI access. Kalau mau refund ngga bisa via apps. Aplikasinya sendiri ada bug.","1852354569248092252","","","in","","0","5","1","https://x.com/undefined/status/1852354569248092252","36550982",
"1851162200435823060","Tue Oct 29 07:20:36 +0000 2024","0","@KAI121 min mau cari tiket banyubiru utk bulan depan kok kosong yaa di kaiaccess?","1851162200435823060","","KAI121","in","","1","9","0","https://x.com/undefined/status/1851162200435823060","37225095",
"1850594053513248949","Sun Oct 27 17:42:59 +0000 2024","1","tinggal mau bayarnya aja time out muluu #kaiaccess https://t.co/X3u372vMKR","1850594053513248949","https://pbs.twimg.com/media/Ga6he8ebgAAJXYE.jpg","","in","","0","0","0","https://x.com/undefined/status/1850594053513248949","861786195256160258",
"1850593334919938290","Sun Oct 27 17:40:08 +0000 2024","4","ajggg emg kaiaccess tuh tolol bgt ajgg apk tai 00.40 msh blm bisa beli tiket tai pdhl pgn tdr cpt bgst","1850593334919938290","","","in","","0","3","0","https://x.com/undefined/status/1850593334919938290","1962824269",
"1850228140033089566","Sat Oct 26 17:28:58 +0000 2024","6","war tiket kereta Penataran-Dhoho #kaiaccess jam terakhir menuju ke Surabaya itu wes kaya war tiket komser SO7 alias timeout terus","1850228140033089566","","","in","","0","0","2","https://x.com/undefined/status/1850228140033089566","1115175032366325761",
"1849737346222260671","Fri Oct 25 08:58:44 +0000 2024","0","#kaiaccess info dong misal pake tiket orang tp kita udah punya scan ktp orang itu di stasiun boleh gaksih? apa skrg harus pesen pake nama+ktp sendiri?","1849737346222260671","","","in","","0","0","0","https://x.com/undefined/status/1849737346222260671","1173105376624926720",
"1847804961968808276","Sun Oct 20 01:00:08 +0000 2024","0","hari masih pagi tapi harus mengatakan kaiaccess KONTOLLLLL","1847804961968808276","","","in","","0","2","0","https://x.com/undefined/status/1847804961968808276","1794318616487493632",
"1847283341210624478","Fri Oct 18 14:27:24 +0000 2024","0","Emang busuk layanan ginian... Sering pake FR dan hari ini masuk pasar senen dianya nyala tapi ngga berguna Sama kaya minggu lalu di Lempuyangan sampe antre panjang Uda gitu pake e-boarding di hape masih diminta KTP.. trus gunane aku install KAIAccess bwat opooo?? @KAI121 https://t.co/vIpv2hE9fz","1847283341210624478","https://pbs.twimg.com/media/GaLd2mrbsAAGEUI.jpg","","in","","0","0","0","https://x.com/undefined/status/1847283341210624478","3058826372",
"1846978723909980181","Thu Oct 17 18:16:57 +0000 2024","0","Min @CommuterLine .. usulan saya kapan hari malah tambah parah nih server KAIAccess.. pesan lgsg TRK-NT gak bisa estafet baru bisa itupun nunggu sejam. Ini mslhnya apa IT SYSTEM? SERVER? Biaya MTCnya? Ato ORG IT nya? Jgn jawaban klasik lagi ya ‍↕️ https://t.co/Ke0fde2TAi","1846978723909980181","https://pbs.twimg.com/media/GaHJWqDb0AIwN-c.jpg","","in","","0","3","0","https://x.com/undefined/status/1846978723909980181","380840568",
"1846150650406854696","Tue Oct 15 11:26:29 +0000 2024","0","Alhamdulillaah udh sukses bisa beli tiket jg.. dari tadi stuck di bagian pembayaran. Bolak-balik menunya cuma ewallet dan udh terhubung tetapi stuck sama sekalo gak bisa bayar. Thank you perbaikan layanannya. Sukses selalu #kaiaccess @KAI121","1846150650406854696","","","in","","0","1","0","https://x.com/undefined/status/1846150650406854696","727648291",
"1846125295621099924","Tue Oct 15 09:45:44 +0000 2024","1","@KAI121 haloo min apakah aplikasi KAIAccess sedang maintenance? saya drtd mau melakukan pembayaran tidak bisa https://t.co/F40jVoWX5k","1846125295621099924","https://pbs.twimg.com/media/GZ7BLB7b0AI17RI.jpg","KAI121","in","","0","0","0","https://x.com/undefined/status/1846125295621099924","1605227811102302210",
"1845153834295070779","Sat Oct 12 17:25:30 +0000 2024","2","KAI ACCESS INI GIMANA SIH??!! udah cepet war tikettt udah klik kursinya juga tinggal bayar. tapi pas klik kode qris nya malah ga keluar tulisannya timeout dan itu berkali kali. JADI KEABISAN TIKET!!! @KAI121 @CommuterLine #kaiaccess #kai","1845153834295070779","","","in","","0","3","0","https://x.com/undefined/status/1845153834295070779","1792922867086028800",
"1842348429336539277","Fri Oct 04 23:37:49 +0000 2024","0","@KAI121 kaiaccess kenapa gini terus ya waktu mau reset pin https://t.co/Zw3InogyDW","1842348429336539277","https://pbs.twimg.com/media/GZFWIiUaQAAK2xz.jpg","KAI121","in","","0","3","0","https://x.com/undefined/status/1842348429336539277","870560932136599552",
"1842205252076093503","Fri Oct 04 14:08:53 +0000 2024","0","Dear @PTKAI kenapa setiap buka aplikasi KAIaccess selalu ada iklan ini? Saya perlu beli tiket kereta bukan main game or lainnya. https://t.co/H3r8UrR5hp","1842205252076093503","https://pbs.twimg.com/media/GZDT6RiaMAA3Org.jpg","","in","","0","0","0","https://x.com/undefined/status/1842205252076093503","164088076",
"1841160313162387606","Tue Oct 01 16:56:40 +0000 2024","0","@KAI121 min mau tanya kalo data orang tua saya sudah tercatatat di #KAIAccess apakah bisa dapet potongan lansia? Kebetulan ortu saya sudah lansia. Atau harus didaftarkan manual??","1841160313162387606","","KAI121","in","","2","4","0","https://x.com/undefined/status/1841160313162387606","42558739",
"1841082472961863811","Tue Oct 01 11:47:21 +0000 2024","0","inii pramu prami manaa dah gak lewat2 gue laper bgttt mau pesen lewat kaiaccess pasti lama","1841082472961863811","","","in","","0","1","0","https://x.com/undefined/status/1841082472961863811","1137403103525818369",
"1839570529050919008","Fri Sep 27 07:39:26 +0000 2024","0","Ambarawa ekspres jadi brp.. kok di kaiaccess gada","1839570529050919008","","","in","","0","0","0","https://x.com/undefined/status/1839570529050919008","37225095",
"1838851706114969839","Wed Sep 25 08:03:05 +0000 2024","0","Pengen ubah tgl perjalanan dr kaiaccess cm muter knp ya min @KAI121 https://t.co/IpuYvookjn","1838851706114969839","https://pbs.twimg.com/media/GYTp4KBaUAAEssa.jpg","","in","","0","5","0","https://x.com/undefined/status/1838851706114969839","2248542294",
"1838434188175024243","Tue Sep 24 04:24:01 +0000 2024","0","@KAI121 min mau batalin tiket whoosh yg pesen di kaiaccess gmn ya?","1838434188175024243","","KAI121","in","","1","5","0","https://x.com/undefined/status/1838434188175024243","2277496555",
"1838204161147769071","Mon Sep 23 13:09:58 +0000 2024","0","@KAI121 Mau tanya min pembatalan tiket via kaiaccess refund-nya brp lama ya?","1838204161147769071","","KAI121","in","","1","6","0","https://x.com/undefined/status/1838204161147769071","2285925762",
"1837543141031006480","Sat Sep 21 17:23:19 +0000 2024","0","kaiaccess kagak pernah bener urusan servernya","1837543141031006480","","","in","","0","1","0","https://x.com/undefined/status/1837543141031006480","1320333768",
"1837538491112345708","Sat Sep 21 17:04:50 +0000 2024","0","kaiaccess kapan benernya sih","1837538491112345708","","","in","","0","2","0","https://x.com/undefined/status/1837538491112345708","1812462856824348672",
"1835962704000913581","Tue Sep 17 08:43:13 +0000 2024","0","@KAI121 selamat sore izin tanya min Misalnya saya pesan tiket kereta dari SBI tapi saya chekin berangkat dari SGU karena kan satu kereta (tiketnya sama juga) apakah bisa min? Mohon informasinya terima kasih #keretaapi #kaiaccess https://t.co/ZTTCJSjKvu","1835962704000913581","https://pbs.twimg.com/media/GXqmWByasAAvwuB.jpg","KAI121","in","","0","5","0","https://x.com/undefined/status/1835962704000913581","3123447853",
"1832326968488161625","Sat Sep 07 07:56:06 +0000 2024","0","Lunch....kuliner kereta (nasi goreng Parahyangan) sambil menikmati pemandangan laut Jawa ditambah lagi yang candu semoga dia kembali #H&amp;R #FYP #KAI #KeretaApiSembrani #KeretaApiIndonesia #KAIAccess #StasiunPlabuan #LautJawa #PrinceDiary #PrinceHalan2 #PrinceKuliner https://t.co/rhzQ9X6NfA","1832326968488161625","https://pbs.twimg.com/ext_tw_video_thumb/1832326907993735168/pu/img/X9WU_WQusR7NrqrE.jpg","","in","","0","0","0","https://x.com/undefined/status/1832326968488161625","3990310766",
"1832192636352176583","Sat Sep 07 00:04:47 +0000 2024","0","@KAI121 Purwokerto - stasiun poncol kak.. Tp di kaiaccess cuma ada joglosemarkerto yg sore..","1832208357723394181","","KAI121","in","","0","1","0","https://x.com/undefined/status/1832208357723394181","398513783",
"1831812634905374982","Fri Sep 06 00:22:19 +0000 2024","0","@CommuterLine Ada alternatif lain gak untuk beli tiket KA Lokal selain melalui KAIAccess?","1831850380218794348","","CommuterLine","in","","0","1","0","https://x.com/undefined/status/1831850380218794348","989119684862558208",
"1831812634905374982","Thu Sep 05 23:57:45 +0000 2024","0","@CommuterLine Min aku mau pesen tiket Commuter Line Jatiluhur Cikarang-Karawang via KAIAccess tapi pas mau bayar error terus mohon solusinya https://t.co/qG0WMJWvaG","1831844196552208768","https://pbs.twimg.com/media/GWwEla_WUAA1qxO.jpg","CommuterLine","in","","0","1","0","https://x.com/undefined/status/1831844196552208768","989119684862558208",
"1831812634905374982","Thu Sep 05 23:43:53 +0000 2024","0","@CommuterLine Min aku mau pesen tiket Commuter Line Jatiluhur Cikarang-Karawang via KAIAccess tapi pas mau bayar error terus mohon solusinya https://t.co/iKt2ghAHrm","1831840708921323837","https://pbs.twimg.com/media/GWwBabqa8AE2ZLS.jpg","CommuterLine","in","","0","1","0","https://x.com/undefined/status/1831840708921323837","1700371618022010880",
"1831742051253420291","Thu Sep 05 17:11:54 +0000 2024","1","tag KAI kaiaccess kai access kereta lokal commuter line dhoho kai error kalah war tiket tp marah2 (ya gmn ga marah orang2 kadang beli tiket jg buat cari aman kl ga dipake baru dijual dng harga 2x lipat) maaf kl kesindir but if the shoe fits wear it cinderfckrella","1831742063500788015","","alohaitslea","in","","0","1","0","https://x.com/undefined/status/1831742063500788015","1489906836497002498",
"1829697197174304908","Sun Sep 01 01:47:09 +0000 2024","0","@indiraapn @ammanah @shitlicious @KAI121 Di Traveloka tiketcom atau Shopee ge ada atau mau yg tanpa +an admin ya ke kaiaccess","1830059788564045826","","indiraapn","in","","0","2","0","https://x.com/undefined/status/1830059788564045826","1603612924362125312",
"1830006009542426701","Sat Aug 31 22:13:27 +0000 2024","0","Beli tiket KAI di KAI Access saldo shopeepay sudah terpotong tapi di aplikasi tidak ada tiketnya @KAI121 gimana ya? #kai #kaiaccess #keretaapiindonesia","1830006009542426701","","","in","","0","0","0","https://x.com/undefined/status/1830006009542426701","2517860750",
"1829489662009966792","Fri Aug 30 12:01:40 +0000 2024","0","Halo min @KAI121 saya tadi membeli tiket melalui aplikasi KAIAccess dari medan tujuan rantauprapat dengan kereta api sri bilah utama pukul 15.45 dengan metode pembayaran shopeepay tapi tidak berhasil namum saldo shopeepay saya terpotong.l. mohon bantuannya min","1829489662009966792","","","in","","2","6","0","https://x.com/undefined/status/1829489662009966792","1552282898359005184",
"1829119834011119990","Thu Aug 29 11:32:06 +0000 2024","0","Kalau weekend dulu sebelum ada kaiaccess gak pernah dapat tiket pulang sby-kdr. Adanya sby-kts. Ayahku selalu jemput aku di kertosono tiap weekend which is 45 - 60 menit naik motor. Lalu sepanjang jalan kertosono kediri aku akan cerita apa aja wkwk","1829119834011119990","","","in","","0","0","0","https://x.com/undefined/status/1829119834011119990","777552072",
"1827867059599892575","Mon Aug 26 00:34:01 +0000 2024","0","@KeretaCepatID min sekarang ga bisa beli tiket whoosh dari KAIAccess?","1827867059599892575","","KeretaCepatID","in","","0","0","0","https://x.com/undefined/status/1827867059599892575","304790009",
"1827708229809487912","Sun Aug 25 14:02:53 +0000 2024","0","udah waktu nya buka kaiaccess ya ini https://t.co/2YbSWVydhT","1827708229809487912","https://pbs.twimg.com/tweet_video_thumb/GV1S5xjaUAArkZ9.jpg","","in","","0","0","0","https://x.com/undefined/status/1827708229809487912","178230025",
"1825412968554881248","Mon Aug 19 06:02:20 +0000 2024","0","@KAI121 ni mau batalin tiket dr kaiaccess susah bgt","1825412968554881248","","KAI121","in","","1","11","0","https://x.com/undefined/status/1825412968554881248","48587585",
"1822304023317291361","Sun Aug 11 03:19:27 +0000 2024","0","@tatalizin @keretaapikita @KAI121 Again.... SDM di @KAI121 ngga bisa berkembang.. Teringat dulu waktu pertama kali launching KAIAccess diturunin suruh beli tiket fisik distasiun berikutnya karena nama saya ngga masuk ke manifest..","1822472874462244896","","tatalizin","in","","0","1","0","https://x.com/undefined/status/1822472874462244896","3058826372",
"1821704688829657270","Fri Aug 09 00:26:58 +0000 2024","0","Wtb tiket kereta arjuno express atau jayabaya sby malang lewat jam berapapun tanggal 10 agustus besok sabtu. Ada yang jual? #wts #tiketkereta #malang #sby #kai #kaiaccess","1821704688829657270","","","in","","0","0","0","https://x.com/undefined/status/1821704688829657270","1143711050627289088",
"1821023352271860123","Wed Aug 07 03:19:34 +0000 2024","0","Anjir lah aku kadang bengong terus entah kenapa buka simaster anjir Ini lagi di stasiun mau buka KaiAccess malah reflek buka simaster .-.","1821023352271860123","","","in","","0","0","0","https://x.com/undefined/status/1821023352271860123","1501399237854371840",
"1819080125721596187","Thu Aug 01 18:37:53 +0000 2024","0","Kadung gabisa tidur gegara KAIaccess error hhhhh","1819080125721596187","","","in","","0","0","0","https://x.com/undefined/status/1819080125721596187","246688311",
"1819064199013970350","Thu Aug 01 17:34:36 +0000 2024","1","ini kaiaccess down bgt yq","1819064199013970350","","","in","","0","0","0","https://x.com/undefined/status/1819064199013970350","1688100013128429568",
"1818787981903511602","Wed Jul 31 23:17:00 +0000 2024","2","Pembayaran via qris di app kaiaccess kok gagal ya @KAI121","1818787981903511602","","","in","","0","1","0","https://x.com/undefined/status/1818787981903511602","63758693",
"1816480898696749566","Thu Jul 25 14:29:29 +0000 2024","0","Gerakan banget sama pelayanan @KAI121 Pembelian tiket di aplikasi Access by KAI SANGAT MENGECEWAKAN UANG kami tidak jelas kemana konsumen harus yang aktif #KAIACCESS","1816480898696749566","","","in","","0","2","0","https://x.com/undefined/status/1816480898696749566","1800618126335516672",
"1815359397713117493","Mon Jul 22 22:48:14 +0000 2024","2","@gatras_id Di app kaiaccess belum muncul jadwalnya ya min @KAI121 ? Kapan dilaunch?","1815519250376716456","","gatras_id","in","","0","0","0","https://x.com/undefined/status/1815519250376716456","3235880869",
"1811756210628297203","Fri Jul 12 13:35:16 +0000 2024","0","Min @KAI121 ada harga khusus gak tiket TSM - BD? Jika ada apakah hrs di loket atau bisa lewat app KAIAccess? Trima kasih","1811756210628297203","","","in","","0","1","0","https://x.com/undefined/status/1811756210628297203","116184569",
"1810845813603717412","Wed Jul 10 23:11:06 +0000 2024","0","@jackjackparrr @gojekindonesia Eh di kaiaccess bukannya juga bisa ya","1811176348054131014","","","in","","0","0","0","https://x.com/undefined/status/1811176348054131014","2198959297",
"1810867868038484080","Wed Jul 10 02:45:18 +0000 2024","0","krl krl kok error ya di kaiaccess sm gojek gabisa semua ","1810867868038484080","","","in","","0","0","0","https://x.com/undefined/status/1810867868038484080","1801602595058028548",
"1810313042867187783","Mon Jul 08 14:00:38 +0000 2024","0","Min kalau mau naik Prameks dari stasiun kutoarjo ke stasiun yogyakarta tapi tiket di aplikasi KAIaccess udah habis apakah bisa langsung naik pakai kartu multitrip? Atau cuma bisa dipakai kalau ada ketersediaan tiket? @CommuterLine","1810313042867187783","","","in","","0","2","0","https://x.com/undefined/status/1810313042867187783","1110531453522046976",
"1809767235675910230","Sun Jul 07 01:51:47 +0000 2024","0","Halo @KAI121 knp KaiAccess saya tdk sinkron ya ttg ketersediaan kursinya? Mau beli tarsus sdh cek 2 jam sblm keberangkatan tapi harga tiket tdk berubah. Di refresh dan dicoba bbrp menit kemudian msh sama. Tp saat cek di web harga sdh berubah dan ketersediaan kursi berbeda.","1809767235675910230","","","in","","0","2","0","https://x.com/undefined/status/1809767235675910230","605970575",
"1789545223795937397","Thu Jul 04 16:03:35 +0000 2024","0","@bijakputranto Ada kok saya beli tiket di KAIaccess tiket untuk hari minggu 7 juli besok beli dari tgl 30 juni pukul 00.03 tiket dengan kursi sudah habis tersisa tiket tanpa kursi. Btw terimakasih responnya ","1808894434630848528","","bijakputranto","in","","0","1","0","https://x.com/undefined/status/1808894434630848528","1108916727016878080",
"1789545223795937397","Thu Jul 04 16:00:02 +0000 2024","0","@Didik_triyon0 setau saya gak ada tiket tanpa kursi kalo belinya di KAIaccess. gak tau juga kalo ada cara beli tiket lainnya. kalo yang lesehan itu sih kayaknya emang pengen aja sambil gelar tiker &amp; makan bareng.","1808893539386077330","","Didik_triyon0","in","","0","1","0","https://x.com/undefined/status/1808893539386077330","1762308922864717824",
"1808614667398623710","Wed Jul 03 21:31:53 +0000 2024","0","bangun tidur langsung buka kaiaccess wkwk dah aman ini tinggal tiket probowangi aja kalo keabisan jg ga masalah minta jemput ke sby","1808614667398623710","","","in","","0","0","0","https://x.com/undefined/status/1808614667398623710","97427261",
"1808136765955625163","Tue Jul 02 13:52:53 +0000 2024","0","Siang td manfaatkan aplikasi pesan taxi via aplikasi KAIaccess. Sangat membantu kecepatan ditengah padatnya liburan. Terimakasih @KAI121 good job dan sangat membantu penumpang","1808136765955625163","","","in","","0","1","0","https://x.com/undefined/status/1808136765955625163","122978273",
"1806615451931414930","Fri Jun 28 09:07:43 +0000 2024","0","@KAI121 KA Menoreh PSE-SMT bulan Juli-Agustus 2024 mau dihapus apa gimana min? Per hari ini belum nongol di KAIAccess.","1806615451931414930","","KAI121","in","","0","3","0","https://x.com/undefined/status/1806615451931414930","1252424898317697027",
"1806479230441775155","Fri Jun 28 00:06:25 +0000 2024","0","kalo mentri kominfo kagak mundur sih gatau dah mau gimana serah lu pada data gua dah gua kasih. serah lu mau pake pinjol atau apa. this is one of many reason why i wasnt doing the face recog on kaiaccess app man i tell you what everynow and then the security still sucks.","1806479230441775155","","","in","","0","1","0","https://x.com/undefined/status/1806479230441775155","541616545",
"1806282375179198898","Thu Jun 27 11:04:12 +0000 2024","0","Anjir nih kaiaccess ganti device juga gabisa karena data nasional juga?","1806282375179198898","","","in","","0","0","0","https://x.com/undefined/status/1806282375179198898","46887313",
"1805214976854118815","Mon Jun 24 12:22:44 +0000 2024","0","Sudah 2 hari tidak bisa pesan tiket online via Apk KAIAccess gimana ini penjelasannya @PTkaicommuter @CommuterLine https://t.co/7CnOrWIWPA","1805214976854118815","https://pbs.twimg.com/media/GQ1pc0naQAAWDSS.jpg","","in","","0","1","0","https://x.com/undefined/status/1805214976854118815","53656332",
"1804474809847611423","Sat Jun 22 11:21:34 +0000 2024","0","@KAI121 admin knp jadwal ka progo eksekutif ga ada di kaiaccess?","1804474809847611423","","KAI121","in","","0","2","0","https://x.com/undefined/status/1804474809847611423","516224297",
"1804089262142279770","Fri Jun 21 09:49:33 +0000 2024","0","KAI Access Error Hari Ini Juni 2024 TIDAK BISA Dibuka sampai Kapan? Ini Penjelasan Pihak KAI (MF) #KAIAccess #Error #Jadwal #Tiket #KAI https://t.co/OIwL2UDZTJ","1804089262142279770","","","in","","0","0","0","https://x.com/undefined/status/1804089262142279770","1363671825452916747",
"1803680716502262152","Fri Jun 21 08:36:45 +0000 2024","1","@mercybalap @KAI121 @argothrottle Tau ada kereta api ini wkt lebaran Idul Adha kmrn. Saat nyampe di SLO ada pengumuman kereta Banyubiru ini sudah bersiap di jalur 4. Lgsg cek di KAIAccess. Harga tiketny 40 eko dan 80 ekse. Dgn perjalanan selama 2jam mgkn aku akan pilih eko NG saja.","1804070942479651199","","mercybalap","in","","0","3","0","https://x.com/undefined/status/1804070942479651199","710394355115286528",
"1804067937617354980","Fri Jun 21 08:24:48 +0000 2024","0","KAI Access Error Hari Ini 21 Juni 2024 Sampai Kapan Kenapa Tidak Bisa Pesan Tiket? Ini Kata Railmin #KAIAccess #kaiaccesserror #ptkai #kai121 https://t.co/X9laeepoVA","1804067937617354980","","","in","","0","1","0","https://x.com/undefined/status/1804067937617354980","1287642738683342848",
"1804007960160669993","Fri Jun 21 04:26:29 +0000 2024","0","@KAI121 admin KAI kok pembatalan tiketku di KaiAccess lama bangeet diprosess yaaa? Apa harus ke loket stasiunnya langsung..? Butuh bangeet buat beli tiket baruu","1804007960160669993","","KAI121","in","","0","4","0","https://x.com/undefined/status/1804007960160669993","1644205760879169537",
"1803726060313588025","Thu Jun 20 09:46:19 +0000 2024","0","Minnn tiket perjalanan @KAI121 kereta saya kenapa tidak muncul ya di kaiaccess?","1803726060313588025","","","in","","0","1","0","https://x.com/undefined/status/1803726060313588025","159773397",
"1803193087478604187","Tue Jun 18 23:22:22 +0000 2024","0","@kyuurash Aku pernahnya di kaiaccess tapi itu h-3 jam keberangkatan ada diskonnya","1803206653795537275","","kyuurash","in","","0","1","0","https://x.com/undefined/status/1803206653795537275","1731918078425157632",
"1802889036631326808","Tue Jun 18 03:04:38 +0000 2024","0","@Puntenslurzz Kan bisa pesen via kaiaccess","1802900197477068901","","pusingsekali11","in","","0","1","0","https://x.com/undefined/status/1802900197477068901","1339067955359801345",
"1802216692485095693","Sun Jun 16 05:56:27 +0000 2024","0","Cara mendaftar mudah bisa langsung menemui petugas di stasiun @kai121_ dan mengaktifkan face recoginition ini melalui aplikasi KaiAccess.","1802218663145312635","","acaraseni","in","","0","1","0","https://x.com/undefined/status/1802218663145312635","944857613413498881",
"1801760570657620391","Fri Jun 14 23:36:09 +0000 2024","2","#KAIAccess @KAI121 msh down kah?? yuuuukkk cepetan.. bnyk yg mau kerja mau mudik mau scan barcode udah di gate...","1801760570657620391","","","in","","0","0","0","https://x.com/undefined/status/1801760570657620391","1900430611",
"1801757720472916062","Fri Jun 14 23:24:50 +0000 2024","0","@KAI121 halo KAI ini saya mau pesen tiket untuk hari ini dari bandung ke bekasi kok gabisa terus ya?? Pdhl saya udh coba pake 3 apps traveloka tiketcom sama kaiaccess. Semuanya sama eror terus. Ini knp ya???","1801757720472916062","","KAI121","in","","0","1","0","https://x.com/undefined/status/1801757720472916062","553437452",
"1801585879645045169","Fri Jun 14 14:08:35 +0000 2024","0","@nauakb_ Pesen RailFood lewat KAIaccess. Harumkan gerbong pake popmie panas. Habis popmie bangunin semua yg tidur pake japota","1801617737724416192","","haixensen","in","","0","1","0","https://x.com/undefined/status/1801617737724416192","1780730857982160896",
"1799466536832541093","Sat Jun 08 15:40:29 +0000 2024","0","Anjir cashback kaiaccess baru ada pas gue udah beli tiket","1799466536832541093","","","in","","0","0","0","https://x.com/undefined/status/1799466536832541093","749277882",
"1799040569978835105","Sat Jun 08 01:39:57 +0000 2024","0","@TerminalBisBYL @antibacterii Batara Kresna ini tiketnya bisa beli via KAIaccess ..?","1799255011689676859","","TerminalBisBYL","in","","0","0","0","https://x.com/undefined/status/1799255011689676859","785764405883482112",
"1799118466659885551","Fri Jun 07 16:37:23 +0000 2024","1","Mending duitnya buat benerin KAIAccess","1799118466659885551","","","in","","0","0","0","https://x.com/undefined/status/1799118466659885551","56321195",
"1782725575712596333","Tue Apr 23 10:57:53 +0000 2024","1","baru 2 hari uts udah buka KAIaccess aja heheehe","1782725575712596333","","","in","","0","0","0","https://x.com/undefined/status/1782725575712596333","1247917252050968577",
"1782622355975758167","Tue Apr 23 04:07:43 +0000 2024","1","@KAI121 gimana nih apa gak pengen update KAIaccess ?? Kok lemot bener nih app","1782622355975758167","","KAI121","in","","1","4","0","https://x.com/undefined/status/1782622355975758167","1251581378879090688",
"1782273668242120938","Tue Apr 23 02:13:19 +0000 2024","1","@fajarnugros Karena keadaan beberapa tahun terakhir jadi menggunakan jasa KA pas mudik/balik. Soal ketepatan waktu saat high season kayaknya ga bagus2 amat. Aplikasi kaiaccess juga bapuk baik saat pemesanan yg lemot maupun saat akan boarding yg suka force close. Maniaknya galak.","1782593566495420498","","fajarnugros","in","","0","0","0","https://x.com/undefined/status/1782593566495420498","1251759675583815686",
"1782416219062370568","Mon Apr 22 14:28:36 +0000 2024","0","@KAI121 halo selamat malam kak apakah benar sekarang ketersediaan tiket goshow langsung loket dan di kaiaccess berbeda? karena mama saya cerita di kaiaccess habis tapi saat ke loket ternyata masih ada. mohon konfirmasinya","1782416219062370568","","KAI121","in","","2","4","0","https://x.com/undefined/status/1782416219062370568","1502547274106535937",
"1781872254525301135","Sun Apr 21 02:27:05 +0000 2024","1","kaipay knp mesti pake vendor cimb niaga deh? lemot bgt ke topupnya ke saldo kaiaccess.. @KAI121","1781872254525301135","","","in","","4","10","0","https://x.com/undefined/status/1781872254525301135","435616839",
"1780295267243393245","Tue Apr 16 18:00:42 +0000 2024","0","kamu hebat. tidak hanya karena pencapaian mu tetapi karena sampai hari ini kamu bersedia menerima apa yang telah Tuhan pilihkan. dengan doa yang selalu menguatkan ada harap yang ingin diwujudkan berkembang menjadi indah dan nyata. #KAI Selamat malam #kaiaccess Sahabat RF https://t.co/7dYDIGGH3e","1780295267243393245","https://pbs.twimg.com/media/GLThGvQaAAAQTBS.jpg","","in","","0","0","0","https://x.com/undefined/status/1780295267243393245","1177227083749052417",
"1778998200449507458","Sat Apr 13 04:06:37 +0000 2024","0","@KAI121 min aku lihat lewat KAIAccess jadwal kereta dari Purwokerto - Jakarta (semua stasiun) dah pada habis. Misal aku ke loket stasiun buat beli tiket jurusan itu ada kemungkinan masih ada ga ya tiket nya?","1778998200449507458","","KAI121","in","","0","4","0","https://x.com/undefined/status/1778998200449507458","1676567940261629953",
"1777702601074893191","Tue Apr 09 14:27:51 +0000 2024","0","@coldquiche_ Selamat malam Kak. Perubahan nomor identitas pada aplikasi Access by KAI (KAIAccess) dapat Railmin bantu. Mohon kesediaannya melengkapi data-data sebagai berikut via DM ya: Nama pengguna: Email yang terdaftar: Nomor handphone terdaftar: Nomor identitas terdaftar: ","1777704986878804058","","coldquiche_","in","","0","0","0","https://x.com/undefined/status/1777704986878804058","516165629",
"1777555713457627292","Tue Apr 09 04:34:42 +0000 2024","0","WTB KERETA BLITAR-MALANG DONG:(((((((((( masa GW CHECK KAI JAM 1.59 yg buat tgl 16 UDA ABISSSSSS GILEEE YAAA KNP DAH #zonauang #KAIaccess #TIKETKERETAAPI #KAI #kereta","1777555713457627292","","","in","","0","1","0","https://x.com/undefined/status/1777555713457627292","1729388435012751360",
"1777552136777425008","Tue Apr 09 04:20:29 +0000 2024","2","@KAI121 halo kak mau tanya misal kita sudah pengajuan pembatalan tiket lewat aplikasi kaiaccess jd nggak perlu ke stasiun lagi kan ya? Terimakasih","1777552136777425008","","KAI121","in","","0","14","0","https://x.com/undefined/status/1777552136777425008","1134851335054958592",
"1777485159362969976","Mon Apr 08 23:54:20 +0000 2024","0","@KAIaccess padahal tiket masih available tp pas checkout no seat mulu jink kesel bnr https://t.co/9E9qCWhWJs","1777485159362969976","https://pbs.twimg.com/media/GKrlLjhagAA2WJ8.jpg","","in","","0","1","0","https://x.com/undefined/status/1777485159362969976","781692220403351552",
"1776867891670921560","Sun Apr 07 07:01:32 +0000 2024","0","kaiaccess knp dikit error deh","1776867891670921560","","","in","","0","0","0","https://x.com/undefined/status/1776867891670921560","1334467701725491201",
"1776735367674437685","Sat Apr 06 22:14:56 +0000 2024","0","Sebulan ini tidak merasakan warisan Staatspoorwegen en Tramwegen KAIAccess keburu uninstal :((","1776735367674437685","","","in","","0","0","0","https://x.com/undefined/status/1776735367674437685","108931980",
"1776148610503283152","Fri Apr 05 07:30:24 +0000 2024","0","@Johan_Agusti Sultaaaan tinggal kereta ini yg blm sold emang sih dr kemaren ngecekin kaiaccess","1776150379975299438","","jiwarenta","in","","0","1","0","https://x.com/undefined/status/1776150379975299438","1056993066",
"1776130641148707067","Fri Apr 05 06:11:58 +0000 2024","0","kaiaccess sring lemot skrng bikin ketar ketir cari goshow","1776130641148707067","","","in","","0","0","0","https://x.com/undefined/status/1776130641148707067","1295309363792363523",
"1775289638527422830","Tue Apr 02 22:30:07 +0000 2024","0","@KAI121 ada selimut engga si di kereta ekonomi premium? nyari di kaiaccess gaada ","1775289638527422830","","KAI121","in","","0","1","0","https://x.com/undefined/status/1775289638527422830","1504123856994574337",
"1774864039493165472","Mon Apr 01 18:18:57 +0000 2024","0","@KAI121 min klo mau pesen tiket infant di stasiun harus bawa ktp atau cukup dengan menunjukan bukti pemesanan tiket dewasa yg sudah dipesan lewat aplikasi KaiAccess aja?","1774864039493165472","","KAI121","in","","1","10","0","https://x.com/undefined/status/1774864039493165472","192231157",
"1774392817357570137","Sun Mar 31 13:18:15 +0000 2024","0","@lailynursiregar @blockedrotor @thedumbofmine @sbyfess @thedumpofmine @thedumbofmine maksud transfer tiket misal kamu beli 2 tiket atas nama km dan mamamu lewat aplikasi punyamu. otomatis kalian punya kode booking yg sama. nah tiket td bisa ditransfer ke akun KAIaccess punya mamamu. udah gitu tok. ga bisa ditransfer ke orang random yg beli tiketmu","1774425978946937330","","kmsiapahehe","in","","0","0","0","https://x.com/undefined/status/1774425978946937330","1150248366095233024",
"1773687085557334113","Fri Mar 29 12:22:09 +0000 2024","0","@KAI121 untuk pembatalan tiket yang pemesannya tidak termasuk dalam 1 kode booking itu prosedurnya gimana ya? soalnya tidak bisa dibatalkan lewat aplikasi KAIAccess dan berkas apa saja yg dibutuhkan untuk pembatalan di loket. Terima kasih","1773687085557334113","","KAI121","in","","4","18","0","https://x.com/undefined/status/1773687085557334113","940724766",
"1772500379739029780","Tue Mar 26 05:46:36 +0000 2024","0","Dari dulu sampe 2024 proses refund kai tuh lama pol ya dulu malah harus ke stasiun utk pembatalan. Sekarang kaiaccess udah fasilitasi pembatalan tapi tolong bgt masa ini dari februari belum ada progressnya. Refund tiket pesawat di tikom ga sampai seminggu dana dah balik @KAI121","1772500379739029780","","","in","","2","14","0","https://x.com/undefined/status/1772500379739029780","124947790",
"1772101016999367146","Mon Mar 25 10:46:01 +0000 2024","0","@KAI121 Min kalau reschedule tiket di kaiaccess bukan atas nama sendiri bisa ngga ya min? Atau harus langsung ke stasiun?","1772213341483937799","","KAI121","in","","3","5","0","https://x.com/undefined/status/1772213341483937799","1746519225160941568",
"1771927473598636387","Sun Mar 24 15:50:05 +0000 2024","0","keren juga kaiaccess ada live tracking nya jadi gak perlu cek gmaps https://t.co/fBqWgINTjL","1771927473598636387","https://pbs.twimg.com/media/GJcmo6caIAAkDU-.jpg","","in","","0","1","0","https://x.com/undefined/status/1771927473598636387","178230025",
"1770774697585553689","Thu Mar 21 13:54:06 +0000 2024","0","@undipmenfess tetep ga bisa sayank tiket yg ditransfer ini data dirinya ttp si pembeli tikett gbs diganti jadi org lain. aku pernah pake fitur ini buat pindahin tiketnya aja dr pas beli di klikidm trs dipindah ke kaiaccess biar enak pas mau boarding","1770811122620281180","","undipmenfess","in","","0","0","0","https://x.com/undefined/status/1770811122620281180","1482491322808541188",
"1770791928419746076","Thu Mar 21 12:40:01 +0000 2024","0","Tapi ga berhasil melawan kaiaccess berarti emang najisin war tiket kereta ini","1770792477944864992","","gyulobeu95","in","","0","0","0","https://x.com/undefined/status/1770792477944864992","2492800602",
"1770719693428404510","Thu Mar 21 08:00:27 +0000 2024","0","@JatiWirachmat euweuh argo parahyangan di flashsalena ge. urg geus ngecek 2 platform. kaiaccess jeung tiketcom. jkt-bdg tgl 6-8 udah soldout semua. sisa yg panoramic","1770722123167809706","","JatiWirachmat","in","","0","0","0","https://x.com/undefined/status/1770722123167809706","192787849",
"1770631545730240864","Thu Mar 21 04:10:37 +0000 2024","0","@chewryydumy @undipmenfess aku sih pake 2 platform. 1 kai access 1 tiketcom soalnya kaiaccess lemot bangettt. refreshnya di tiketcom pas ada yg avail lgsg keep dulu smp data diri abis tuh lgsg switch ke apps kai trs klik deh. cuma klo yg flash sale ini kan cuma di kak access doaangg","1770664285548789922","","chewryydumy","in","","0","2","0","https://x.com/undefined/status/1770664285548789922","1023946545777934336",
"1770547879054286898","Wed Mar 20 20:28:04 +0000 2024","0","@KAI121 akun kaspro saya malah kekunci knp ya kaiaccess gabisa tarik tunai ya","1770547879054286898","","KAI121","in","","1","12","0","https://x.com/undefined/status/1770547879054286898","1028135492",
"1770502469128437972","Wed Mar 20 17:27:37 +0000 2024","0","war tiket di kaiaccess butuh sabar banyak2","1770502469128437972","","","in","","0","0","0","https://x.com/undefined/status/1770502469128437972","1536403244",
"1770149587841384464","Wed Mar 20 00:45:54 +0000 2024","9","@undipmenfess web apa ini anjrit ngga niat bgt fontnya pake app KAIaccess aja sih kataku","1770250376404668470","","undipmenfess","in","","0","0","0","https://x.com/undefined/status/1770250376404668470","1307864987562463235",
"1770186506704970061","Tue Mar 19 20:32:06 +0000 2024","0","Min @KAI121 kenapa tidak bisa login #kaiaccess ya ?","1770186506704970061","","","in","","1","8","0","https://x.com/undefined/status/1770186506704970061","136916344",
"1769533247388823674","Mon Mar 18 01:16:17 +0000 2024","0","HAAA di kaiaccess tiket bdg jkt kok 4 kereta doang jir.","1769533247388823674","","","in","","0","0","0","https://x.com/undefined/status/1769533247388823674","1438663741533421570",
"1769238257504862405","Sun Mar 17 05:44:06 +0000 2024","1","@KAI121 Min mau tanya: apakah Kereta Commuter Line bisa di cetak tiketnya? Saya order via #KAIAccess utk Tanteku tp tanteku itu gaptek jadi aku kasih tiket fisik waktu mau boarding. Gimana min? ","1769238257504862405","","KAI121","in","","1","5","0","https://x.com/undefined/status/1769238257504862405","245577651",
"1768947438394699834","Sun Mar 17 03:31:22 +0000 2024","0","@KAI121 @abiddaya7 yg promo reguler pemesanan jg sama via kaiaccess bukan?","1769204857704251712","","KAI121","in","","0","2","0","https://x.com/undefined/status/1769204857704251712","1609916029450481666",
"1769139361202016661","Sat Mar 16 23:11:07 +0000 2024","0","cek sound barusan 25 hari sebelum lebaran iseng cek KAI Access. Kereta unggulan ((Compartement suites Luxury Executif)) H-7 masih banyak pilihan seat. paham sihh #KAIAccess #AnakKereta https://t.co/GrPlaxDLG1","1769139361202016661","https://pbs.twimg.com/media/GI0-3bjaIAA5Y-j.jpg","","in","","0","0","0","https://x.com/undefined/status/1769139361202016661","2899659972",
"1768966032587460707","Sat Mar 16 11:42:22 +0000 2024","0","Untuk pembatalan tiket butuh waktu berapa lama ya kalo lewat aplikasi kaiaccess @KAI121 ?","1768966032587460707","","","in","","2","11","0","https://x.com/undefined/status/1768966032587460707","258011385",
"1768851043067322638","Sat Mar 16 05:43:00 +0000 2024","10","@tanyarlfes Nggak papa. Aku sering gini sih. Pas check in ya namanya cuma tiket yang naik kereta aja sisanya diemin aja. Kalo pake kaiaccess ngga usah dicentang boarding pas nama yang nggak naik.","1768875594912260134","","tanyarlfes","in","","0","1","0","https://x.com/undefined/status/1768875594912260134","219233679",
"1768173420720910412","Fri Mar 15 09:20:03 +0000 2024","0","@DedyKusnandar19 @KAI121 Min kenapa kok KA Menoreh PSE-SMT dalam tiap hari Jumat 2 minggu terakhir layout kursi yg ditampilkan di KAIAccess selalu berbeda dg riil keberangkatan? Gerbong 4-6 di tampilan KAIAccess selalu 16 kursi begitu keberangkatan ternyata 22 kursi. Sia2 udah pilih nomer kursi favorit.","1768567828284878872","","DedyKusnandar19","in","","1","3","0","https://x.com/undefined/status/1768567828284878872","1252424898317697027",
"1768318933084569655","Thu Mar 14 17:04:44 +0000 2024","0","@jogmfs Langsung cek di aplikasi KAIAccess aja. Tinggal setting darimana - kemana - tanggal berapa. Nanti keluar semua nama kereta - kelas - harga tiket","1768322383612645541","","jogmfs","in","","0","0","0","https://x.com/undefined/status/1768322383612645541","2266747177",
"1765644644409393568","Thu Mar 07 07:44:21 +0000 2024","1","GUYSSSS AKHIRNYA LEBARAN BISA PULKAMMM ️ Terimakaciw KAI @KAI121 buat kereta tambahannya *tanpa jalur begadang / calo / waitingroom kai access #kai #kaiaccess #lebaran2024 #mudik https://t.co/Ac5FTP8Pcq","1765644644409393568","https://pbs.twimg.com/media/GIDUb72aQAAwuYh.jpg","","in","","0","3","0","https://x.com/undefined/status/1765644644409393568","576875173",
"1763257792763424983","Thu Feb 29 17:39:52 +0000 2024","0","Ngewar tiket kereta tapi dapetnya tetep yg 460rb. Udah dapet yg 410 tapi ga bisa dibayar. We're winning but at what cost..... gjls lu @/kaiaccess","1763257792763424983","","","in","","0","1","0","https://x.com/undefined/status/1763257792763424983","170550842",
"1762894704449085899","Wed Feb 28 17:37:05 +0000 2024","1","Halo @KAI121 2 malem saya begadang ini. tiket yg pertama tertulis transaksi gagal padahal saldo atm berkurang dan tiket yg sudah dibayar itu tidak tersedia di kaiaccess.","1762894704449085899","","","in","","2","6","0","https://x.com/undefined/status/1762894704449085899","253502499",
"1762650087875064007","Wed Feb 28 01:36:42 +0000 2024","0","@skorpioen Mestinya kalo di apps kaiaccess nya udh lunas detil tiket di apps nya udah dapet jg sih Coba mention KAI121 aja","1762653016442986941","","skorpioen","in","","0","4","0","https://x.com/undefined/status/1762653016442986941","381625070",
"1761747826126852460","Sun Feb 25 16:14:09 +0000 2024","0","@atsarisursula ini bukanya pake app kaiaccess itu kan? oke noted makasih ripiunya yaaa","1761786670624739630","","","in","","0","0","0","https://x.com/undefined/status/1761786670624739630","284235433",
"1761727665126736268","Sun Feb 25 12:19:41 +0000 2024","0","Jadi setiap pagi jam 5.00 wib kerjaanku adalah cek KAIAccess buat liat apa ada tarif khusus lagi buat KA Joglosemarkerto MA-YK. Dan sampai pagi tadi belum ada donk! Bikin sedih ni @KAI121","1761727665126736268","","","in","","2","5","0","https://x.com/undefined/status/1761727665126736268","1504842776327852034",
"1761361066347647404","Sat Feb 24 12:02:57 +0000 2024","0","@KAI121 KAIaccess sudah lebih canggih ada fitur ini walau update terus dan sering server down Minusnyaa updatenya agak lama untuk stasiun yang telah dilewati Gak ada lagi tanya bangku sebelah maaf sudah sampai mana? https://t.co/oh0WgS5Suz","1761361066347647404","https://pbs.twimg.com/media/GHGcjEybwAAeX6n.jpg","KAI121","in","","0","5","0","https://x.com/undefined/status/1761361066347647404","1257510476935688192",
"1761069081556594942","Fri Feb 23 16:42:42 +0000 2024","0","Geloo pas buka kaiaccess cek tiket tgl 7-8 tuu ludes semuaa keretaaa","1761069081556594942","","","in","","0","0","0","https://x.com/undefined/status/1761069081556594942","87893257",
"1760722900733284775","Thu Feb 22 17:47:06 +0000 2024","0","stress bngt war tiket mudik udah pake segala tetep aja mandek di pembayaran gue bolak balik masukin nik keluarga gue aish bookingid stuck ticketcom stuck traveloka gabisa masuk kaiaccess samsek gamuncul","1760722900733284775","","","in","","0","5","0","https://x.com/undefined/status/1760722900733284775","1550764928599932928",
"1760722739021926535","Thu Feb 22 17:46:28 +0000 2024","0","Bergadang 3 malam namun nggak ada hasil nya. #121 #KAIAccess @KAI121","1760722739021926535","","","in","","0","1","0","https://x.com/undefined/status/1760722739021926535","582697673",
"1760718304107483536","Thu Feb 22 17:28:50 +0000 2024","1","Ini Kaiaccess kenapa si dulu enak enak aja gua nyari tiket https://t.co/XOf1fTxrEh","1760718304107483536","https://pbs.twimg.com/media/GG9T9Esa0AMrUp0.jpg","","in","","0","0","0","https://x.com/undefined/status/1760718304107483536","918123426",
"1760354267049992696","Wed Feb 21 17:57:57 +0000 2024","2","@ovo_id @KAI121 Emang sih kalo gak viral gak bakalan diproses jadi ya udah biarin aja lah gak trending gak papa yang penting uneg2 udah terlampiaskan. Semoga aja jadi pembelajaran buat @KAI121 untuk memperbaiki aplikasi #kaiaccess supaya lebih stabil lagi.","1760363243183149506","","CakGooder","in","","2","5","0","https://x.com/undefined/status/1760363243183149506","102012650",
"1760354267049992696","Wed Feb 21 17:56:18 +0000 2024","1","Kalo kemarin kasusnya malah udah posisi mau bayar gak bisa karena gak muncul pilihan pembayaran selain @ovo_id. Pas coba pake ovo malah gak bisa pas masukin pin ovo. Coba lah dicek lagi aplikasinya @KAI121 #kaiaccess . Mau mudik lebaran yang aman dan nyaman gini amat.","1760362827720925486","","CakGooder","in","","2","3","0","https://x.com/undefined/status/1760362827720925486","102012650",
"1759685148185149609","Mon Feb 19 21:03:27 +0000 2024","0","Halo min @KAI121 ini aku cek di aplikasi KasPro dan saldoku udah terpotong 20.000 tapi di aplikasi KAIaccess tiket belum terbayar dan hangus. Solusinya gimana ya? Aku udah ngalamin ini 2 kali loh min yg pertama aku biarin aja tapi kalo terus-terusan begini ya rugi https://t.co/GprRZFZ6y7","1759685148185149609","https://pbs.twimg.com/media/GGuoUQtaUAAYmMF.jpg","","in","","0","1","0","https://x.com/undefined/status/1759685148185149609","758829908",
"1759679920043905240","Mon Feb 19 20:42:40 +0000 2024","0","@KAI121 halo min barusan beli tiket di KAIaccess menggunakan metode pembayaran KAIpay saldo sudah terpotong tapi keterangan tiket masih belum lunas. Ini gimana ya?","1759679920043905240","","KAI121","in","","0","2","0","https://x.com/undefined/status/1759679920043905240","758829908",
"1759645070381490323","Mon Feb 19 18:53:50 +0000 2024","0","@xxdymrk @oxoodyy Mjb kak pke tiketcom lgsung muncul ga ya di 00.01? Soalnya kaiaccess dia ga muncul kan persiapan buat war ntar malam ","1759652531343663363","","xxdymrk","in","","0","1","0","https://x.com/undefined/status/1759652531343663363","1366409155",
"1759359122817028159","Sun Feb 18 23:27:56 +0000 2024","4","Min @KAI121 di app kaiaccess kok idul Fitri tanggal 22 dan 23 April ya ?? https://t.co/LtHQwS0mbK","1759359122817028159","https://pbs.twimg.com/media/GGp_yPGacAAyO2E.jpg","","in","","0","7","0","https://x.com/undefined/status/1759359122817028159","377911406",
"1759261761583407163","Sun Feb 18 20:27:45 +0000 2024","0","@KAI121 @KAI121 bagaimana caranya yaa min cara pesan tiket di kaiaccess saya udah 3 hari nyoba nyari tiket kereta bengawan start pkl. 00.00 dan pas 00.01 udah habis secepat itukah emang jumlah tiket KA.Bengawan yang dijual berapa seat sich min","1759313778406252773","","KAI121","in","","0","1","0","https://x.com/undefined/status/1759313778406252773","1500012751",
"1758899208478961772","Sat Feb 17 20:24:07 +0000 2024","0","@KAI121 Maaf min td saya coba cek ticket u/tgl 3 April 2024 lewat aplikasi kaiaccess kereta bengawan st. Ps.senen-st.purwokerto tinggal sisa 1 kursi tp kalau dicek lewat website https://t.co/UcihiVjOVg kok masih ada 60an kursi yaaa","1758950474357657770","","KAI121","in","","0","1","0","https://x.com/undefined/status/1758950474357657770","1500012751",
"1758769275660370320","Sat Feb 17 08:24:06 +0000 2024","0","@KAI121 ini mau pesen tiket melalui KAI Access dari St. Purwosari (Solo) tujuan ke St. Bandung lagi error yaa? #kaiaccess https://t.co/84ctrqOMtL","1758769275660370320","https://pbs.twimg.com/ext_tw_video_thumb/1758769236540063744/pu/img/vylhvMvrA640XEPB.jpg","KAI121","in","","0","4","0","https://x.com/undefined/status/1758769275660370320","1456428413992923140",
"1758270752745468385","Thu Feb 15 23:23:09 +0000 2024","0","@KAI121 KAIaccess sejak kemarin tdk bisa dipakai utk booking tiket. Pesannya sdh lebih dari 15x booking per hari padahal saya belum melakukan booking satu pun. Kenapa bisa begini ya? Mohon dibantu solusinya. Terima kasih. https://t.co/XB0zUtXQI7","1758270752745468385","https://pbs.twimg.com/media/GGah7TUaYAAkijX.jpg","KAI121","in","","0","3","0","https://x.com/undefined/status/1758270752745468385","145206682",
"1757788965372125187","Wed Feb 14 15:28:42 +0000 2024","0","min @KAI121 please help saya topup kaipay dan sudah terdebet tapi di app kaiaccess saldonya masih belom masuk sampe skrg","1757788965372125187","","","in","","0","12","0","https://x.com/undefined/status/1757788965372125187","1032288042940153856",
"1757213642062483856","Tue Feb 13 01:22:34 +0000 2024","0","@KAI121 selamat pagi Bapak/Ibu maaf mengganggu saya mendapat kendala untuk pemesanan tiket kereta melalui aplikasi kai access dg pembayaran kaipay. Aplikasi meminta mengisi pin di kaiaccess tetapi saat terhubung ke email dan klik reset pin browser tidak loading","1757213642062483856","","KAI121","in","","0","3","0","https://x.com/undefined/status/1757213642062483856","157236274",
"1756279963031154954","Sat Feb 10 11:32:27 +0000 2024","0","Dih kok skrg beli tiket kereta di tikcom mahal bgt ada segala biaya layanannya??? Udh pake promo jg ttp naik harganya dah. Aneh. Trs menyesal knp ga beli dai kaiaccess pas beli tiket brgktnya huaaa ","1756279963031154954","","","in","","0","0","0","https://x.com/undefined/status/1756279963031154954","432294355",
"1756114773912248709","Sat Feb 10 00:36:03 +0000 2024","0","@CommuterLine beli tiket via KAIAccess tak bisa klik bayar @KAI121","1756114773912248709","","CommuterLine","in","","2","7","0","https://x.com/undefined/status/1756114773912248709","366956753",
"1755269249575322051","Wed Feb 07 16:36:15 +0000 2024","1","@KAI121 kenapa sejak tadi sore app KaiAccess tidak bisa? https://t.co/mamqqaqKPF","1755269249575322051","https://pbs.twimg.com/media/GFv4FIbakAA2u0J.jpg","KAI121","in","","0","3","0","https://x.com/undefined/status/1755269249575322051","102853635",
"1754266074047291595","Sun Feb 04 22:09:59 +0000 2024","0","@KAI121 min kalo mau refund ticket lewat kaiaccess harus h-2 jam sebelum departure time ya?","1754266074047291595","","KAI121","in","","0","0","0","https://x.com/undefined/status/1754266074047291595","3115063196",
"1753424617270829107","Fri Feb 02 14:26:20 +0000 2024","0","@KAI121 adik saya sudah beli tiket kereta via apl KAi access tg 13 jan kemarin u tagl 8 feb. Tp di cek di kaiaccess ^tiketsaya^ selalu muncul pesan error. Mohon solusi","1753424617270829107","","KAI121","in","","2","10","0","https://x.com/undefined/status/1753424617270829107","1670827323833331712",
"1748757048970584283","Sat Jan 20 17:19:05 +0000 2024","0","kaiaccess kenapa error lagi ya jadwalnya @KAI121","1748757048970584283","","","in","","0","4","0","https://x.com/undefined/status/1748757048970584283","1412204245642711044",
"1748204596294750316","Sat Jan 20 01:19:44 +0000 2024","1","@KAI121 Aplikasi KaiAccess lagi error ya ?","1748515619954409926","","KAI121","in","","1","5","0","https://x.com/undefined/status/1748515619954409926","1696669378165776387",
"1748309366665830495","Fri Jan 19 11:40:09 +0000 2024","0","Libur imlek tuh bukannya feb ya? Ini di kaiaccess knp tgl 22? Yg bener yg mana dah? Tanyarl https://t.co/K7HlO575gR","1748309366665830495","https://pbs.twimg.com/media/GEM-Gl1a4AAwZPj.jpg","","in","","0","5","0","https://x.com/undefined/status/1748309366665830495","1331650559518990336",
"1746025509530771681","Sat Jan 13 04:24:55 +0000 2024","0","Update malah jadi lemot banget ada yang sama gak sih? #KAIaccess tolong diperbaiki dong min @KAI121 https://t.co/lNSieo4lE3","1746025509530771681","https://pbs.twimg.com/media/GDsg8sjaoAAJEqN.jpg","","in","","3","13","0","https://x.com/undefined/status/1746025509530771681","1591004356618616832",
"1745731712842383736","Fri Jan 12 08:57:29 +0000 2024","0","@KAI121 min kok ini e-tiket saya kac-krw tgl 19 ga muncul di kaiaccess padahal belinya barengan krw-bdg tgl 22 dan itu udah muncul hmzz","1745731712842383736","","KAI121","in","","3","14","0","https://x.com/undefined/status/1745731712842383736","1566353863837224961",
"1745719975237816780","Fri Jan 12 08:10:50 +0000 2024","0","@KAI121 Min infonya dong KA Menoreh relasi PSE-SMT per Februari saya cek di aplikasi KAIAccess kok nggak ada ya? Memang dihapus atau nanti akan dimunculkan lagi ya?","1745719975237816780","","KAI121","in","","1","13","0","https://x.com/undefined/status/1745719975237816780","1252424898317697027",
"1743104542844326068","Fri Jan 05 02:58:02 +0000 2024","0","@CommuterLine min sy suda transaksi dan berhasil tp di aplikasi kaiAccess ny tertulis blm transaksi gimn ni min bisa dibalikin ga uang nyaa? lumayan dikit juga","1743104542844326068","","CommuterLine","in","","0","1","0","https://x.com/undefined/status/1743104542844326068","1435796421580517379",
"1743101804811100257","Fri Jan 05 02:47:10 +0000 2024","0","@AccessByKAI Untuk menghubungi CS KaiAccess bagaimana caranya?","1743101804811100257","","AccessByKAI","in","","0","1","0","https://x.com/undefined/status/1743101804811100257","1625703001066438656",
"1743100928105033788","Fri Jan 05 02:43:41 +0000 2024","0","@KAI121 Halo Kai mau menanyakan hari ini saya order kereta lokal melalui kaiaccess dan sudah pembayaran melalui qris namun tiket saya kok ga tercetak ya","1743100928105033788","","KAI121","in","","0","3","0","https://x.com/undefined/status/1743100928105033788","1507558550050000897",
"1742877672894771618","Thu Jan 04 11:56:32 +0000 2024","0","Coba cek ini di Tokopedia deh. Pesona Ibadah Nabi https://t.co/6JpBkNPqvT #Aurel #Minji #KAIAccess #Indonesia #Olla #UUITE #Tokopedia https://t.co/dLkApIXBts","1742877672894771618","https://pbs.twimg.com/media/GC_yAOPaIAA3Xys.jpg","","in","","0","0","0","https://x.com/undefined/status/1742877672894771618","1544572042468397057",
"1742876964602757435","Thu Jan 04 11:53:44 +0000 2024","0","Coba cek ini di Tokopedia deh. Mumtaz Cara Mudah Terjemah Al Quran https://t.co/eQoNzI0Idu #Aurel #Minji #KAIAccess #Indonesia #Olla #UUITE #Tokopedia https://t.co/qtvIV0lxgZ","1742876964602757435","https://pbs.twimg.com/media/GC_xW9CbIAAbkwM.jpg","","in","","0","0","0","https://x.com/undefined/status/1742876964602757435","1544572042468397057",
"1742876705826763132","Thu Jan 04 11:52:42 +0000 2024","0","Coba cek ini di Tokopedia deh. Sepatu Trekking Camel https://t.co/LYboYEf44u #Aurel #Minji #KAIAccess #Indonesia #Olla #UUITE #Tokopedia https://t.co/Sae8FxPCps","1742876705826763132","https://pbs.twimg.com/media/GC_xHXob0AAPvz6.jpg","","in","","0","0","0","https://x.com/undefined/status/1742876705826763132","1544572042468397057",
"1742868872683028739","Thu Jan 04 11:21:34 +0000 2024","0","Hujan di Stasiun Blitar. #KAIaccess #KAI https://t.co/UqXor83BB6","1742868872683028739","https://pbs.twimg.com/ext_tw_video_thumb/1742800620040638464/pu/img/MHR5J2-rFrDayZT6.jpg","","in","","0","0","0","https://x.com/undefined/status/1742868872683028739","123140366",
"1742867744012505161","Thu Jan 04 11:17:05 +0000 2024","0","Coba cek ini di Tokopedia deh. George Soros an Illustrated Biography https://t.co/63JzHGt8wP #Aurel #Minji #KAIAccess #Indonesia #Olla #UUITE #Tokopedia https://t.co/DWhF25kw7Q","1742867744012505161","https://pbs.twimg.com/media/GC_o9_GbkAAWk7x.jpg","","in","","0","0","0","https://x.com/undefined/status/1742867744012505161","1544572042468397057",
"1742799569350705296","Thu Jan 04 06:46:11 +0000 2024","0","Ciptakan efisiensi operasional yang tak tertandingi dan rasakan dampak positifnya pada laporan keuangan kamu. #alehatta #barangimpor #barangimporberkualitas #pobarangimport #pochina #pojepang #pokorea #pothailand #localbrand #localbrandindonesia #GISELLE #kaiaccess https://t.co/QsClNE5Le9","1742799569350705296","https://pbs.twimg.com/media/GC-q9miawAEb3C9.png","","in","","0","0","0","https://x.com/undefined/status/1742799569350705296","1727891728693362688",
"1742797813283700875","Thu Jan 04 06:39:12 +0000 2024","0","@KAI121 min kok tanggal 22 Januari 2024 masuk tanggal merah ya di KAIAccess? Typo atau bagaimana min? Thanks.","1742797813283700875","","KAI121","in","","1","9","0","https://x.com/undefined/status/1742797813283700875","1291583138393546754",
"1742790209928913003","Thu Jan 04 06:09:00 +0000 2024","0","Trending X Aplikasi KAI Access Error Hari Ini Pelanggan Kesulitan Login Penjelasan dari PT KAI #PTKAI #KAIAccess #AccessbyKAI #trending #viral https://t.co/3EPaHpWi1p lewat @tribunkaltim","1742790209928913003","","","in","","0","0","0","https://x.com/undefined/status/1742790209928913003","103551225",
"1742773424735568338","Thu Jan 04 05:02:18 +0000 2024","0","Trending X Aplikasi KAI Access Error Hari Ini Pelanggan Kesulitan Login Penjelasan dari PT KAI #PTKAI #KAIAccess #AccessbyKAI #trending #viral https://t.co/3EPaHpWPQX lewat @tribunkaltim","1742773424735568338","","","in","","0","0","0","https://x.com/undefined/status/1742773424735568338","103551225",
"1742763915598286860","Thu Jan 04 04:24:31 +0000 2024","0","Pagi ini KAI Access sempat eror tidak bisa diakses membuat repot penumpang di Stasiun Sidoarjo karena tidak bisa mengakses tiket dan barcode untuk boarding. #pasangmata #KAIaccess #KAIcommuter https://t.co/ZhyzLkfepo https://t.co/MHxYObg3Lo","1742763915598286860","https://pbs.twimg.com/media/GC-Ki6LakAA1nQE.jpg","","in","","0","0","0","https://x.com/undefined/status/1742763915598286860","2232398486",
"1742719537085284723","Thu Jan 04 01:28:10 +0000 2024","0","KAI Access memudahkan akses informasi perjalanan kereta api! Dari jadwal hingga pembelian tiket semuanya tersedia dalam genggaman. Kemudahan ini pasti akan mempermudah perjalanan kita. ️ #KAI #KAIAccess #PerjalananLebihMudah","1742719537085284723","","","in","","0","0","0","https://x.com/undefined/status/1742719537085284723","1546800131710029827",
"1742712862265806942","Thu Jan 04 01:01:39 +0000 2024","2","@KAI121 apakah kai aksesnya eror? Mau booking ga bisa muter2 mulu dr pagiii smpe skr #kaiaccess","1742712862265806942","","KAI121","in","","0","2","0","https://x.com/undefined/status/1742712862265806942","857518856",
"1742709364174287141","Thu Jan 04 00:47:45 +0000 2024","0","KAI Access masih error. Mau cek tiket kereta malah tulisannya 'failed request data' mulu. Admin PT KAI bagi solusi tp sepertinya msh sama aja ga sih? https://t.co/ZEgi8ViCrG #KAIAccess #PTKAI #tiketkereta","1742709364174287141","","","in","","0","1","0","https://x.com/undefined/status/1742709364174287141","1645671960796602371",
"1742705102488813892","Thu Jan 04 00:30:48 +0000 2024","0","Harusnya @KAI121 @CommuterLine tanggung jawab ya hari ini dipotong gaji karena datang terlambat karena #KAIAccess error... Lagian mesin cetak tiket kenapa sih gak dibuat bisa masukin NIK aja... Terlalu khawatir ya klo pake NIK ","1742705102488813892","","","in","","0","0","0","https://x.com/undefined/status/1742705102488813892","69207179",
"1739886276789309511","Thu Jan 04 00:30:34 +0000 2024","1","@dewi_darmawati Iya apk @KAI121 ga bisa diakses. Jadi trending topik artinya ribuan yang gagal akses. #KAIAccess down https://t.co/ktDwyNqC0Q","1742705043349143892","https://pbs.twimg.com/media/GC9U_68aUAA526C.jpg","dewi_darmawati","in","","0","1","1","https://x.com/undefined/status/1742705043349143892","807941894",
"1742127411939180944","Tue Jan 02 10:15:16 +0000 2024","0","@KAI121 min di kalender kaiaccess tgl 22 jan libur imlek. bener gak tuh ? sy cek di tempat lain imlek tgl 10 feb. https://t.co/Rotvr5TSIe","1742127411939180944","https://pbs.twimg.com/media/GC1HphwbkAAJVN7.jpg","KAI121","in","","1","10","0","https://x.com/undefined/status/1742127411939180944","101730059",
"1741930502913957944","Mon Jan 01 21:12:50 +0000 2024","0","sampai akhirnya ke gerbong kereta buat beli makan krn udah laper waktu udah beli makanan baru sadar kalo tadi udah pesen makan pakai kaiaccess alhasil jadi bawa 2 makanan ","1741930505199931675","","lsngmyslf12","in","","0","1","0","https://x.com/undefined/status/1741930505199931675","2175221850",
"1740604119856091188","Fri Dec 29 05:22:15 +0000 2023","1","KaiAccess dan Kaspro adalah aplikasi gamutu yg ribet. Saldo nyangkut mau di tarik ke rekening kebanyakan birokrasi. Akun tiba2 terkunci udah tlpn callcenter KAI malah dilempar ke callcenter kaspro. Tlpn kaspro Sudah ga terkunci katanya giliran ganti pin malah","1740604119856091188","","","in","","0","1","0","https://x.com/undefined/status/1740604119856091188","127182602",
"1740572449216029120","Fri Dec 29 03:16:24 +0000 2023","0","Gw happy bgt skg reschedule tiket pake kaiaccess gampang bgt","1740572449216029120","","","in","","0","0","0","https://x.com/undefined/status/1740572449216029120","1282412292",
"1740030695572201615","Wed Dec 27 15:23:40 +0000 2023","0","WTB Tiket kai lokal commuter line arjonegoro ekonomi jam 08.45 dong 1 aja dari sidoarjo ke gubeng #zonauang #zonajajan #zonabu #zonaba #jasatitip #kai #kaiaccess https://t.co/w3yFoaHM1J","1740030695572201615","https://pbs.twimg.com/media/GCXUsVfagAAXdsQ.jpg","","in","","0","0","0","https://x.com/undefined/status/1740030695572201615","1379335314288697346",
"1739860116458066333","Wed Dec 27 04:05:51 +0000 2023","0","@KAI121 dari td muter2 terus #KAIaccess https://t.co/z2IluCiByw","1739860116458066333","https://pbs.twimg.com/media/GCU5je2aEAAfsLq.jpg","KAI121","in","","0","0","0","https://x.com/undefined/status/1739860116458066333","59749496",
"1739856347993461104","Wed Dec 27 03:50:52 +0000 2023","1","Dear @KAI121 tolong layanan KAI Access dibenahi dengan baik sudah beberapa hari server mengganggu tidak bisa menyediakan akses data pelanggan utk mengelola tiket sampai kapan keteledoran ini terjadi? Semestinya dengan reputasi KAIAccess yg sudah baik ini tdk terjadi","1739856347993461104","","","in","","1","5","0","https://x.com/undefined/status/1739856347993461104","42876121",
"1739845659749159266","Wed Dec 27 03:08:24 +0000 2023","0","KAI Access Error Hari Ini 27 Desember 2023 Kenapa Tidak Bisa Pesan Tiket &amp; Gagal Login? Ini Solusi Transaksi #kaiaccess #KAI https://t.co/EULCe4UL93","1739845659749159266","","","in","","0","0","0","https://x.com/undefined/status/1739845659749159266","1287642738683342848",
"1739837602809979195","Wed Dec 27 02:36:23 +0000 2023","0","@KAI121 halo min apakah KAIAccess sekarang sedang gangguan karena saya cek semua jadwal kosong","1739837602809979195","","KAI121","in","","1","9","0","https://x.com/undefined/status/1739837602809979195","2491004184",
"1739506875769716767","Tue Dec 26 04:42:12 +0000 2023","0","Please justify app KAIaccess khususnya KAIpay sering bgt harus aktivasi ulang sekalinya bisa di topup ga masuk saldo everytime. @KAI121","1739506875769716767","","","in","","4","9","1","https://x.com/undefined/status/1739506875769716767","1435249310",
"1739444853875110024","Tue Dec 26 00:35:45 +0000 2023","0","Gimana nih min @KAI121 KAIpay udah diaktivasi udah ada saldonya tp pas mau beli tiket di app KAIaccess ngga bisa buat bayar tiketnya","1739444853875110024","","","in","","1","3","0","https://x.com/undefined/status/1739444853875110024","236413773",
"1738682274227564831","Sat Dec 23 22:05:31 +0000 2023","0","Ini mau bayar tapi mana kode qris nyaaaa min?? @KAI121 @CommuterLine #KAIAccess https://t.co/VAzIZg0AKa","1738682274227564831","https://pbs.twimg.com/media/GCEKUI8aEAAmmsX.jpg","","in","","0","4","0","https://x.com/undefined/status/1738682274227564831","1068379704229416960",
"1738580290518581601","Sat Dec 23 15:20:17 +0000 2023","0","@KeretaCepatID saya beli tiket via KAIaccess sudah dapat email tiket tapi link qr ketika di klik error. tolong jawab karena keberangktan besok pagi","1738580290518581601","","KeretaCepatID","in","","0","0","0","https://x.com/undefined/status/1738580290518581601","3272316210",
"1738459928401183106","Sat Dec 23 07:22:00 +0000 2023","0","@KAI121 Hi min. Gimana cara pesan online restorasi di Kereta. Saya pesan tiket bukan dari KAIAccess sehingga tidak bisa order melalui railfood. Terimakasih","1738459928401183106","","KAI121","in","","1","7","0","https://x.com/undefined/status/1738459928401183106","174496674",
"1738413246120645105","Sat Dec 23 04:16:30 +0000 2023","1","@KAI121 min kenapa saya pesen lewat kaiaccess tiap mau pembayaran selalu susah Timeout terus ya kenapa","1738413246120645105","","KAI121","in","","2","17","0","https://x.com/undefined/status/1738413246120645105","1645919192561111040",
"1738239993041293320","Fri Dec 22 16:48:03 +0000 2023","1","Cara ganti no hp di kaiaccess karena no hp sudah gaaktif gmn ya? @KAI121","1738239993041293320","","","in","","0","6","0","https://x.com/undefined/status/1738239993041293320","1252495195796434944",
"1737948043956355176","Thu Dec 21 21:27:57 +0000 2023","0","Katanya 2 jam sebelum muncul tafsus tapi di app baru kayak dipepet2in ke 1 jam sebelum. Begitu udah 1 jam sebelum dah g bs beli tiket dr app. Kalo emg permainannya gt gausah ngasih statement tafsus tersedia 2 jam sebelum @KAI121 sebel bgt ama kaiaccess yg baru","1737948043956355176","","","in","","0","2","0","https://x.com/undefined/status/1737948043956355176","42153385",
"1737418337649606886","Wed Dec 20 10:23:06 +0000 2023","0","wtb urgent tiket kai blitar malang tanggal 25 siang sore malem plsss urgent bgt #zonauang #kai #kereta #kaiaccess","1737418337649606886","","","in","","0","2","0","https://x.com/undefined/status/1737418337649606886","1547376134656241664",
"1736798388652585283","Mon Dec 18 17:19:38 +0000 2023","0","@KAI121 hai admin Kenapa waktu saya mau bayar pakai qris lewat kaiaccess qrisnya kadang ga muncul ya min?","1736798388652585283","","KAI121","in","","0","9","0","https://x.com/undefined/status/1736798388652585283","1103506020528082944",
"1736598742630035900","Mon Dec 18 05:19:24 +0000 2023","0","@suridjiwa Astagaaa bisaa pakai kaiaccess karena saya kalau gabawa kartu ya pakai kai access..","1736617134711832760","","suridjiwa","in","","0","1","0","https://x.com/undefined/status/1736617134711832760","878333561907978241",
"1734464160174641325","Tue Dec 12 06:44:15 +0000 2023","0","Wts tiket kereta dhoho penataran surabaya - malang jam 8 tanggal 17 desember ada 2 tiket yaa.. aku jual harga asli tempat duduk sebelahan Dijual karna gajadi pergii #zonabu #zonauang #tiketkereta #kaiaccess https://t.co/jak25hmUEz","1734464160174641325","https://pbs.twimg.com/media/GBIN9ZtbEAACwW9.jpg","","in","","0","5","0","https://x.com/undefined/status/1734464160174641325","4064213172",
"1734397860408590393","Tue Dec 12 02:20:48 +0000 2023","0","temen-temen diskon alumni itb kok gak muncul di app kaiaccess terbaru ya","1734397860408590393","","","in","","0","1","0","https://x.com/undefined/status/1734397860408590393","868294984247767041",
"1734246039631384633","Mon Dec 11 16:17:31 +0000 2023","0","@KAI121 halo min mau nanya beberapa kali beli tiket di kaiaccess kok ga muncul ya di history nya? udah 5 hari nih ga update sampe sekarang","1734246039631384633","","KAI121","in","","0","13","0","https://x.com/undefined/status/1734246039631384633","221342265",
"1733283057715859763","Sat Dec 09 05:16:03 +0000 2023","0","@KAI121 @fluffieruby betul sekali min barusan mau beli ka Lokal Batara Kresna - Purwosari -Wonogiri buat 11 Des jadwal tidak ditemukan. Giliran logout kaiaccess malah Gabisa login lg","1733354800782475350","","KAI121","in","","0","0","0","https://x.com/undefined/status/1733354800782475350","44801859",
"1733183487040241997","Fri Dec 08 17:55:18 +0000 2023","0","gbt dikit buka apk Kaiaccess ","1733183487040241997","","","in","","0","0","0","https://x.com/undefined/status/1733183487040241997","1309583996",
"1733080165633446214","Fri Dec 08 11:04:45 +0000 2023","0","WTB ( want to buy) Tiket Kereta Dhoho Penataran Arah Mojokerto - Surabaya Gubeng buat Hari Senin 11 Desember 2023 jamnya 05.43 PLISSS YG ADA TIKETNYA DAN GA KEPAKE AKU MAU BELII BUTUHH BGTT #zonauangᅠᅠ #wtb #kaiaccess","1733080165633446214","","","in","","0","0","0","https://x.com/undefined/status/1733080165633446214","1494691790880133124",
"1732310599407944129","Wed Dec 06 11:37:30 +0000 2023","1","@MiskinTV_ @KAI121 Iru permaenan administratipnya kaiaccess","1732363633584398479","","MiskinTV_","in","","0","1","0","https://x.com/undefined/status/1732363633584398479","1685782281095708672",
"1731659425533096245","Mon Dec 04 12:59:14 +0000 2023","0","Kaiaccess ini skarang banyak errornya ya masak jadwal kosong muluuu","1731659425533096245","","","in","","0","2","0","https://x.com/undefined/status/1731659425533096245","60563121",
"1730985496686501972","Sun Dec 03 00:10:23 +0000 2023","0","@glxyeunha @yewonies Coba cek di kaiaccess kalo naik kereta kak","1731103551320186884","","glxyeunha","in","","0","0","0","https://x.com/undefined/status/1731103551320186884","1649544384927637505",
"1730986489583177873","Sat Dec 02 16:25:13 +0000 2023","1","Kek t*i KAIaccess kamis ga muncul2 nama2 stasiun. Disitu lagi urgent izin kantor bokap dirawat. Sekarang mau balik lagi Qris gabisa diunduh ss qris pembayaran gagal. Sampe 2x nya pesen tiket kadaluarsa waktunya. Fak","1730986489583177873","","","in","","0","6","0","https://x.com/undefined/status/1730986489583177873","1557369907351719936",
"1730376848021053911","Fri Dec 01 06:16:39 +0000 2023","1","@KAI121 Kaiaccess kog gag bisa diakses? Cuman sampe menu milih kereta... Trus konfirmasi luamaaaaaaaaaaaaa Buangetttttttttt","1730470947063517540","","KAI121","in","","3","8","0","https://x.com/undefined/status/1730470947063517540","1513481268708900868",
"1730461269940178967","Fri Dec 01 05:38:11 +0000 2023","0","@KAI121 apakah aplikasi kaiaccess sedang error???","1730461269940178967","","KAI121","in","","2","3","0","https://x.com/undefined/status/1730461269940178967","1513481268708900868",
